{
  "defaultSeverity": "error",
  "jsRules": {},
  "rules": {
    "adjacent-overload-signatures": true,
    "ban-types": {
      "options": [
        [
          "Object",
          "Avoid using the `Object` type. Did you mean `object`?"
        ],
        [
          "Function",
          "Avoid using the `Function` type. Prefer a specific function type, like `() => void`."
        ],
        [
          "Boolean",
          "Avoid using the `Boolean` type. Did you mean `boolean`?"
        ],
        [
          "Number",
          "Avoid using the `Number` type. Did you mean `number`?"
        ],
        [
          "String",
          "Avoid using the `String` type. Did you mean `string`?"
        ],
        [
          "Symbol",
          "Avoid using the `Symbol` type. Did you mean `symbol`?"
        ]
      ]
    },
    "ban-ts-ignore": false,
    "member-access": [
      true,
      "no-public"
    ],
    "member-ordering": [
      true,
      {
        "order": "statics-first"
      }
    ],
    "no-any": false,
    "no-empty-interface": true,
    "no-import-side-effect": false,
    "no-inferrable-types": false,
    "no-internal-module": true,
    "no-magic-numbers": true,
    "no-namespace": true,
    "no-non-null-assertion": true,
    "no-reference": true,
    "no-this-assignment": true,
    "no-var-requires": true,
    "only-arrow-functions": [
      true,
      "allow-declarations"
    ],
    "prefer-for-of": true,
    "prefer-readonly": true,
    "promise-function-async": true,
    "typedef": false,
    "typedef-whitespace": [
      true,
      {
        "call-signature": "nospace",
        "index-signature": "nospace",
        "parameter": "nospace",
        "property-declaration": "nospace",
        "variable-declaration": "nospace"
      },
      {
        "call-signature": "onespace",
        "index-signature": "onespace",
        "parameter": "onespace",
        "property-declaration": "onespace",
        "variable-declaration": "onespace"
      }
    ],
    "unified-signatures": true,
    "await-promise": true,
    "ban-comma-operator": true,
    "curly": true,
    "forin": true,
    "label-position": true,
    "no-arg": true,
    "no-bitwise": true,
    "no-conditional-assignment": true,
    "no-console": false,
    "no-construct": true,
    "no-debugger": true,
    "no-duplicate-super": true,
    "no-duplicate-switch-case": true,
    "no-duplicate-variable": [
      true,
      "check-parameters"
    ],
    "no-dynamic-delete": true,
    "no-empty": true,
    "no-eval": true,
    "no-floating-promises": true,
    "no-for-in-array": true,
    "no-implicit-dependencies": true,
    "no-inferred-empty-object-type": true,
    "no-invalid-template-strings": true,
    "no-misused-new": true,
    "no-null-keyword": false,
    "no-object-literal-type-assertion": true,
    "no-return-await": true,
    "no-shadowed-variable": true,
    "no-string-literal": true,
    "no-string-throw": true,
    "no-sparse-arrays": true,
    "no-submodule-imports": true,
    "no-unbound-method": [
      true,
      "ignore-static"
    ],
    "no-unnecessary-class": false,
    "no-unsafe-any": false,
    "no-unsafe-finally": true,
    "no-unused-expression": true,
    "no-use-before-declare": true,
    "no-var-keyword": true,
    "no-void-expression": [
      true,
      "ignore-arrow-function-shorthand"
    ],
    "prefer-conditional-expression": true,
    "radix": true,
    "restrict-plus-operands": true,
    "strict-boolean-expressions": false,
    "strict-type-predicates": true,
    "switch-default": false,
    "triple-equals": true,
    "use-default-type-parameter": true,
    "use-isnan": true,
    "cyclomatic-complexity": false,
    "eofline": true,
    "indent": [
      true,
      "spaces",
      4
    ],
    "linebreak-style": [
      true,
      "LF"
    ],
    "max-classes-per-file": false,
    "max-file-line-count": false,
    "max-line-length": false,
    "no-default-export": false,
    "no-duplicate-imports": true,
    "no-irregular-whitespace": true,
    "no-mergeable-namespace": true,
    "no-parameter-reassignment": true,
    "no-require-imports": true,
    "no-trailing-whitespace": true,
    "object-literal-sort-keys": false,
    "prefer-const": true,
    "trailing-comma": [
      true,
      {
        "esSpecCompliant": true,
        "multiline": "always",
        "singleline": "never"
      }
    ],
    "align": [
      true,
      "parameters",
      "arguments",
      "statements",
      "elements",
      "members"
    ],
    "array-type": [
      true,
      "array-simple"
    ],
    "arrow-parens": [
      true,
      "ban-single-arg-parens"
    ],
    "arrow-return-shorthand": [
      true,
      "multiline"
    ],
    "binary-expression-operand-order": false,
    "callable-types": true,
    "class-name": true,
    "comment-format": [
      true,
      "check-space"
    ],
    "completed-docs": false,
    "deprecation": true,
    "encoding": true,
    "file-name-casing": [
      true,
      "kebab-case"
    ],
    "import-spacing": true,
    "interface-name": false,
    "interface-over-type-literal": false,
    "jsdoc-format": [
      true,
      "check-multiline-start"
    ],
    "match-default-export-name": false,
    "new-parens": true,
    "newline-before-return": false,
    "newline-per-chained-call": true,
    "no-angle-bracket-type-assertion": true,
    "no-boolean-literal-compare": true,
    "no-consecutive-blank-lines": true,
    "no-parameter-properties": false,
    "no-redundant-jsdoc": true,
    "no-reference-import": true,
    "no-unnecessary-callback-wrapper": true,
    "no-unnecessary-initializer": true,
    "no-unnecessary-qualifier": true,
    "no-unnecessary-type-assertion": true,
    "number-literal-format": true,
    "object-literal-key-quotes": [
      true,
      "as-needed"
    ],
    "object-literal-shorthand": true,
    "one-line": [
      true,
      "check-catch",
      "check-else",
      "check-finally",
      "check-open-brace",
      "check-whitespace"
    ],
    "one-variable-per-declaration": true,
    "ordered-imports": [
      true,
      {
        "import-sources-order": "case-insensitive",
        "grouped-imports": true,
        "named-imports-order": "case-insensitive",
        "module-source-path": "full"
      }
    ],
    "prefer-function-over-method": false,
    "prefer-method-signature": true,
    "prefer-object-spread": true,
    "prefer-switch": false,
    "prefer-template": true,
    "prefer-while": true,
    "quotemark": [
      true,
      "double",
      "avoid-escape",
      "avoid-template"
    ],
    "return-undefined": true,
    "semicolon": [
      true,
      "always"
    ],
    "space-before-function-paren": [
      true,
      {
        "anonymous": "never",
        "asyncArrow": "always",
        "constructor": "never",
        "method": "never",
        "named": "never"
      }
    ],
    "space-within-parens": [
      true,
      0
    ],
    "switch-final-break": true,
    "type-literal-delimiter": true,
    "variable-name": [
      true,
      "allow-leading-underscore",
      "ban-keywords",
      "check-format"
    ],
    "whitespace": [
      true,
      "check-branch",
      "check-decl",
      "check-operator",
      "check-module",
      "check-separator",
      "check-type",
      "check-typecast",
      "check-preblock",
      "check-type-operator",
      "check-rest-spread"
    ]
  },
  "rulesDirectory": []
}
