{
    "app": {
        "port": "PORT"
    },
    "sqs": {
        "monoQueueUrl": "MONO_QUEUE_URL"
    },
    "database": {
        "host": "RDS_HOSTNAME",
        "port": "RDS_PORT",
        "username": "RDS_USERNAME",
        "password": "RDS_PASSWORD",
        "dbName": "RDS_DB_NAME"
    },
    "cloudFront": {
        "keypairId": "CLOUDFRONT_KEYPAIRID",
        "privateKeyBase64String": "CLOUDFRONT_PK",
        "privateKeyPath": "CLOUDFRONT_PK_PATH",
        "dynamicImageAuthorization": "CLOUDFRONT_DYNAMIC_IMAGE_AUTH"
    },
    "email": {
        "sendGridApiKey": "SENDGRID_API_KEY"
    },
    "security": {
        "jwtKeyPassword": "JWT_KEY_PASSWORD",
        "keyPassword1": "KEY_PASSWORD_1",
        "keyPassword2": "KEY_PASSWORD_2",
        "keyPassword3": "KEY_PASSWORD_3"
    }
}