{
    "app": {
        "endpoint": "http://localhost:3000",
        "port": 3000,
        "useBasicAuth": true,
        "basicAuthUsername": "booktrack",
        "basicAuthPassword": "B00ktrack",
        "useLambdaForAudioEncoding": false,
        "corsAllowedOrigins": [
            "http://localhost:4200"
        ]
    },
    "cookie": {
        "name": "titlewave",
        "domain": "localhost",
        "validitySeconds": 43200,
        "csrfName": "XSRF-TOKEN"
    },
    "graphql": {
        "allowGraphqlIntrospection": true,
        "maxQueryDepth": 5,
        "hideErrorDetailsFromHttpResponse": false
    },
    "runtime": {
        "minimumIosAppVersion": "2.3.0",
        "minimumAndroidAppVersion": "2.0.0",
        "tempDirectory": "/tmp",
        "rateLimitMaxRequests": 100,
        "rateLimitTimeWindowSeconds": 60,
        "loginRate": {
            "consecutiveLoginFailureLimit": 20,
            "maxLoginsPerMinute": 25,
            "maxFailureRatio": 0.6,
            "freeAttempts": 40,
            "cacheRetentionMinutes": 120
        }
    },
    "database": {
        "host": "localhost",
        "port": 3306,
        "username": "localdev",
        "password": "localdev",
        "dbName": "titleshare-dev",
        "autoSyncSchema": false,
        "logging": true,
        "connectTimeout": 10000
    },
    "sqs": {
        "region": "us-east-1"
    },
    "s3": {
        "region": "us-east-1",
        "bucket": "titleshare-local",
        "stagingBucket": "titleshare-local-staging"
    },
    "cloudFront": {
        "enabled": false,
        "endpoint": "",
        "dynamicImageEndpoint": "",
        "keypairId": "",
        "privateKeyBase64String": "",
        "privateKeyPath": "",
        "urlExpirySeconds": 120,
        "dynamicImageAuthorization": "!Th0u_not_Tak3.Img3",
        "dynamicImageCacheControlHeader": "public, max-age=10, must-revalidate",
        "dynamicImageAllowedSizes": [
            {
                "h": 100,
                "w": 100
            },
            {
                "h": 256,
                "w": 256
            },
            {
                "h": 1024,
                "w": 1024
            }
        ]
    },
    "email": {
        "fromAddress": "no-reply@title-share.net",
        "sendGridApiKey": "",
        "template": {
            "userInviteId": "d-370994d598614e2dbcae2ab1e31b610b",
            "sysAdminInviteId": "d-c43a6b1ec7b54c27822958d5ac157ca9",
            "newContentId": "d-fda42d02596a4201b845150043d18d04",
            "importFailed": "d-58048b4beb754a5aab55cc5dfe964ea9",
            "importSucceeded": "d-d7c12711c22043ee8f2a8cc08f7c1a65",
            "passwordResetId": "d-38f6cbd2021c4df4988f0599b279d8e8",
            "setFirstPasswordId": "d-12dbaad999a74b5980aa85be32caab8c"
        },
        "unsubscribeGroups": {
            "newContentId": 156264,
            "invitationsId": 156265,
            "adminId": 156268
        },
        "imageSize": {
            "h": 150,
            "w": 150
        }
    },
    "notifications": {
        "inviteUserDelayMinutes": 0,
        "newContentDelayMinutes": 0,
        "setFirstPasswordDelayMinutes": 0
    },
    "externalLinks": {
        "resetPasswordUrlFormat": "http://localhost:4200/reset-password?token={}&email={}"
    },
    "import": {
        "notificationEmailAddresses": [
            "support@booktrack.com"
        ],
        "transferTimeoutSeconds": 60,
        "archivePrefix": "archive",
        "defaultNarrationFileRegex": ".+\\.(mp3|wav|flac)",
        "defaultSoundtrackFileRegex": ".+_soundtrack\\.(mp3|wav|flac)",
        "defaultCoverImageFileRegex": ".+\\.(jpg|jpeg|png)",
        "maxImportFileSizeMb": 2000,
        "maxImportFileDurationMinutes": 180,
        "largeFileThresholdSizeMb": 460
    },
    "sox": {
        "soxPath": "sox",
        "mp3LowQualityNarrationFormatOptions": [
            "-c 1",
            "-C 64"
        ],
        "mp3HighQualityNarrationFormatOptions": [
            "-c 1",
            "-C 128"
        ],
        "mp3LowQualitySoundtrackFormatOptions": [
            "-c 1",
            "-C 64"
        ],
        "mp3HighQualitySoundtrackFormatOptions": [
            "-c 1",
            "-C 128"
        ]
    },
    "security": {
        "jwtKeyPassword": "JWT_secret_JWT",
        "jwtSalt": "bJwqWkTV1zCEhI0ZlSlPb2N5h4+QtXQotqtIx+OUHw0=",
        "keyPassword1": "SUPER.$ecret",
        "iv1": [
            121,
            5,
            63,
            23,
            102,
            74,
            11,
            1,
            0,
            172,
            69,
            69,
            9,
            5,
            27,
            55
        ],
        "salt1": "$2b$12$AvlB6u5USqthDwEUJPkivu",
        "keyPassword2": "SsPER.$ecret",
        "salt2": "rJ+DToTFRwMy2y7G1VVOPg",
        "iv2": [
            156,
            22,
            27,
            105,
            8,
            82,
            30,
            71,
            41,
            10,
            5,
            177,
            62,
            201,
            230,
            1
        ],
        "keyPassword3": "Uber.$ecret",
        "salt3": "1_kjDKB82937fuin.IYGD7",
        "iv3": [
            255,
            2,
            27,
            104,
            8,
            4,
            30,
            71,
            41,
            180,
            5,
            11,
            62,
            73,
            83,
            51
        ]
    }
}