{
    "app": {
        "endpoint": "https://demo.title-share.net",
        "useBasicAuth": false,
        "useLambdaForAudioEncoding": true
    },
    "cookie": {
        "domain": "demo.title-share.net"
    },
    "graphql": {
        "allowGraphqlIntrospection": false,
        "hideErrorDetailsFromHttpResponse": true
    },
    "database": {
        "logging": false,
        "autoSyncSchema": false,
        "connectTimeout": 30000
    },
    "s3": {
        "bucket": "titleshare-demo",
        "stagingBucket": "titleshare-demo-staging"
    },
    "notifications": {
        "inviteUserDelayMinutes": 2,
        "newContentDelayMinutes": 2
    },
    "cloudFront": {
        "enabled": true,
        "endpoint": "https://d12rkec4e2lfyt.cloudfront.net",
        "dynamicImageEndpoint": "https://d28y3mkdu1979h.cloudfront.net",
        "dynamicImageAuthorization": "",
        "dynamicImageCacheControlHeader": "public, max-age=172800, must-revalidate"
    },
    "externalLinks": {
        "resetPasswordUrlFormat": "https://demo.title-share.net/reset-password?token={}&email={}"
    },
    "import": {
        "transferTimeoutSeconds": 300,
        "notificationEmailAddresses": [
            "support@booktrack.com"
        ]
    },
    "security": {
        "jwtKeyPassword": "",
        "jwtSalt": "HleLyvHvrPNzpmJz+B70YR1roVC0xKB6Ozjxk/EusEw=",
        "keyPassword1": "",
        "iv1": [
            88,
            5,
            23,
            23,
            102,
            81,
            11,
            12,
            9,
            171,
            69,
            169,
            9,
            50,
            27,
            50
        ],
        "salt1": "QyR7ohpdaIZkH801d9fEDQ9l",
        "keyPassword2": "",
        "salt2": "eWv5UQw8CRryPTIEVEZDwg2y",
        "iv2": [
            88,
            22,
            27,
            105,
            8,
            82,
            30,
            71,
            41,
            10,
            5,
            177,
            62,
            201,
            230,
            1
        ],
        "keyPassword3": "",
        "salt3": "I+n5Ji7NquZWk3JLCWFjbAGe",
        "iv3": [
            88,
            2,
            27,
            104,
            8,
            4,
            30,
            71,
            41,
            180,
            5,
            11,
            62,
            73,
            83,
            51
        ]
    }
}