{
    "app": {
        "endpoint": "https://portal.title-share.net",
        "useBasicAuth": false,
        "corsAllowedOrigins": [],
        "useLambdaForAudioEncoding": true
    },
    "cookie": {
        "domain": "portal.title-share.net"
    },
    "graphql": {
        "allowGraphqlIntrospection": false,
        "hideErrorDetailsFromHttpResponse": true
    },
    "database": {
        "logging": false,
        "autoSyncSchema": false,
        "connectTimeout": 30000
    },
    "s3": {
        "bucket": "titleshare-prod",
        "stagingBucket": "titleshare-prod-staging"
    },
    "notifications": {
        "inviteUserDelayMinutes": 2,
        "newContentDelayMinutes": 2
    },
    "cloudFront": {
        "enabled": true,
        "endpoint": "https://d2d3mhy4sbeykw.cloudfront.net",
        "dynamicImageEndpoint": "https://d12s88upxld47l.cloudfront.net",
        "dynamicImageAuthorization": "",
        "dynamicImageCacheControlHeader": "public, max-age=172800, must-revalidate"
    },
    "externalLinks": {
        "resetPasswordUrlFormat": "https://portal.title-share.net/reset-password?token={}&email={}"
    },
    "import": {
        "transferTimeoutSeconds": 300,
        "notificationEmailAddresses": [
            "server@booktrack.com"
        ]
    },
    "email": {
        "template": {
            "userInviteId": "d-0d92c1f4605e4c949a6259e591404f6a",
            "sysAdminInviteId": "d-8797d50edac341458a410f40e783c376",
            "newContentId": "d-c662b0ee16814d0791929cf59065d763",
            "importFailed": "d-e8d96ca7cb98441e9c7c8d9911112f2a",
            "importSucceeded": "d-b95c56901d8d4783911a74abec3c1d7e",
            "passwordResetId": "d-f42f3fd4ecdd4786adb522d440e69552",
            "setFirstPasswordId": "d-0e1d2a98f1944794932db2246afe5165"
        },
        "unsubscribeGroups": {
            "newContentId": 11006,
            "invitationsId": 11007,
            "adminId": 11008
        }
    },
    "security": {
        "jwtKeyPassword": "",
        "jwtSalt": "KLpZfk8EL9YfTBgLgFFiI802deXSRP3m2Xggs6k4l2Y=",
        "keyPassword1": "",
        "iv1": [
            90,
            3,
            123,
            24,
            110,
            6,
            131,
            13,
            120,
            172,
            69,
            69,
            9,
            5,
            27,
            55
        ],
        "salt1": "5qMKIKT/IVvyBO0wKbZE4Qif",
        "keyPassword2": "",
        "salt2": "t8yXAjD1KzWyrurLl1FK9IAlM",
        "iv2": [
            90,
            72,
            72,
            117,
            4,
            10,
            6,
            40,
            92,
            139,
            193,
            3,
            4,
            56,
            82,
            94
        ],
        "keyPassword3": "",
        "salt3": "c9Nn6q3gqGaHgEGGEnVY8Q$l",
        "iv3": [
            90,
            20,
            27,
            104,
            82,
            4,
            30,
            71,
            41,
            180,
            15,
            1,
            162,
            73,
            83,
            39
        ]
    }
}